18:01;Elecciones en Francia: Macron gana por segunda vez a Le Pen, según las proyecciones
13:21;La “teoría del loco”: cuando Nixon quiso hacer creer a Moscú y Vietnam del Norte que estaba dispuesto a usar la bomba nuclear
5:32;Macron vs Le Pen (segunda parte): cómo ha cambiado la batalla por la presidencia de Francia respecto a 2017
17:13 23 abril 2022;Al menos 8 muertos en Odesa tras una reactivación de los ataques rusos contra la importante ciudad portuaria ucraniana
12:48 23 abril 2022;El vagabundo que se convirtió en el "más improbable" héroe de la Segunda Guerra Mundial… aunque estaba muerto
11:33 23 abril 2022;La estrella de cine que ocultó su pasado para pasar por blanca y triunfar en Hollywood
10:09 23 abril 2022;Rusia y Ucrania: 5 preguntas para entender por qué los acuerdos de paz son tan difíciles de alcanzar
23:24 22 abril 2022;Mike Tyson golpea en un avión a otro pasajero "que le tiró una botella"
22:41 22 abril 2022;Declaran sospechoso oficial a un ciudadano alemán por la desaparición de la niña británica Madeleine McCann hace 15 años
19:39 22 abril 2022;El gobernador de Florida firma una ley para retirarle a Disney su estatus especial de gobierno propio
19:39 22 abril 2022;El gobernador de Florida firma una ley para retirarle a Disney su estatus especial de gobierno propio
16:42 22 abril 2022;"Una historia de horror contra civiles": el informe de la ONU que confirma la ejecución de al menos 50 personas en Bucha por tropas rusas
16:30 22 abril 2022;La nueva ola de migrantes alemanes en Paraguay que genera entusiasmo y recelo | Reportaje especial BBC Mundo
16:17 22 abril 2022;Cómo ha cambiado Moscú por la guerra en Ucrania
14:33 22 abril 2022;5 preguntas básicas para entender la batalla legal entre Johnny Depp y Amber Heard
11:41 22 abril 2022;"Tenemos heridos y muertos dentro de los búnkeres": la creciente angustia en el refugio de los últimos civiles y militares en Mariúpol
11:07 22 abril 2022;Por qué la nueva ola de migrantes alemanes en Paraguay genera entusiasmo pero también recelo
8:17 22 abril 2022;El enorme atasco en el puerto de Shanghái por el confinamiento y sus consecuencias para América Latina y el mundo
6:17 22 abril 2022;Por qué los votantes de la izquierda radical son clave en las elecciones de Francia
21:45 21 abril 2022;La extraña manera en la que se cuenta la edad en Corea del Sur (y el plan para que todos tengan 1 año menos)
21:11 21 abril 2022;“Disney se pasó de la raya”: la guerra del gobernador de Florida contra la empresa por su oposición a la ley "No digas gay"
20:00 21 abril 2022;Qué son los "autos chocolate", el enorme mercado fronterizo de contrabando con EE.UU. que México quiere regularizar
17:46 21 abril 2022;"Que no escape ni una mosca": Putin cambia su estrategia y ahora decide cercar el último bastión de resistencia en Mariúpol
14:48 21 abril 2022;Por qué Putin quiere controlar el Donbás en Ucrania
13:13 21 abril 2022;La arriesgada travesía del cubano sobreviviente de cáncer que llegó a EE.UU. en una tabla de surf
12:28 21 abril 2022;¿Qué hace reír a la reina Isabel II?
4:31 21 abril 2022;La incertidumbre sobre los marinos que estaban a bordo del buque ruso Moskva hundido en el mar Negro
3:07 21 abril 2022;El polémico caso de Melissa Lucio, la primera latina que será ejecutada en Texas por la muerte de su hija de 2 años
2:27 21 abril 2022;Por qué a Australia y EE.UU. les preocupa el nuevo acuerdo de seguridad firmado entre China y las Islas Salomón
23:16 20 abril 2022;"Los imbéciles (que apoyan la guerra) son el 10%": un conocido oligarca ruso arremete contra Putin y la invasión de Ucrania
20:29 20 abril 2022;Rusia prueba un nuevo misil intercontinental con capacidad nuclear
13:11 20 abril 2022;El desesperado pedido de ayuda del comandante del último reducto de resistencia ucraniana en Mariúpol
12:54 20 abril 2022;"Nos quedan solo unas horas, ¡ayúdennos!": el desesperado llamado del comandante del último reducto de resistencia ucraniana en Mariúpol
12:18 20 abril 2022;"Vi su cabecita en mis manos": el bebé venezolano que murió por un disparo de la guardia costera de Trinidad y Tobago
11:38 20 abril 2022;"La gente en Shanghái está harta, dice que este es el confinamiento de la muerte": la frustración de una colombiana encerrada en un centro de covid en China
9:32 20 abril 2022;Por qué la guerra de Ucrania puede agravar la crisis demográfica de Rusia
3:49 20 abril 2022;Por qué para Japón la ola de inflación que recorre el mundo es una buena noticia
23:24 19 abril 2022;"Será decisivo para la guerra": los últimos militares ucranianos que resisten en una planta siderúrgica en Mariúpol
23:03 19 abril 2022;Lo que se sabe sobre la nueva gran ofensiva de Rusia en el este de Ucrania
22:00 19 abril 2022;La trágica historia de Elisei, uno de los más de 200 niños que han muerto en la guerra de Ucrania
17:07 19 abril 2022;Cómo es Woodburn, el "Little México" de EE.UU. donde casi todo está en español
12:03 19 abril 2022;Los soldados británicos presos que aparecieron en la TV rusa pidiendo ser intercambiados por un aliado de Putin
5:18 19 abril 2022;China reporta 10 muertos en Shanghái, la primera vez que reconoce víctimas por coronavirus desde 2020
5:17 19 abril 2022;El gran dilema en Alemania sobre la ruptura de sus importantes lazos con Rusia
4:30 19 abril 2022;Una jueza anula la obligación de usar mascarilla en aviones y trenes en EE.UU.
2:41 19 abril 2022;"Comenzó la segunda fase de la guerra": Ucrania dice que Rusia inició una nueva ofensiva a gran escala en el Donbás
15:55 18 abril 2022;6 conflictos armados que están ocurriendo en el mundo más allá de Rusia y Ucrania
13:15 18 abril 2022;Rusia bombardea Leópolis, a 40km de Polonia, mientras Ucrania se resiste a entregar Mariúpol
12:08 18 abril 2022;Los graves enfrentamientos en Suecia tras el llamado a "quemar el Corán" por parte de la ultraderecha (y la condena desde Medio Oriente)
9:41 18 abril 2022;Los sacerdotes de la Iglesia ortodoxa rusa en Ucrania que se rebelan ante el patriarca Cirilo de Moscú
5:07 18 abril 2022;"Rusia habría sido disuadida por una OTAN más grande": Ivo Daalder, exembajador de EE.UU. ante la OTAN
16:29 17 abril 2022;"La batalla por Donbás será larga y sangrienta, más parecida a maniobras de la Segunda Guerra Mundial que a lo que ocurrió en Kiev"
11:02 17 abril 2022;Cómo Corea del Sur se convirtió en uno de los países con más insomnes del mundo
5:20 17 abril 2022;La matanza que los soviéticos atribuyeron con éxito a los nazis durante 50 años
23:55 16 abril 2022;Rusia muestra por primera vez a "sobrevivientes" del Moskva, el buque insignia de la Flota del mar Negro que explotó y se hundió
18:10 16 abril 2022;Rusia prohíbe la entrada al país a Boris Johnson, primer ministro de Reino Unido, por su actitud "hostil" ante la guerra en Ucrania
11:34 16 abril 2022;Athos, Porthos y Aramis (y D'Artagnan): quiénes fueron los verdaderos Tres Mosqueteros
3:42 16 abril 2022;“Quien domine el aire ganará la guerra”: la dura batalla por controlar los cielos de Ucrania
23:43 15 abril 2022;El hombre que se ganó US$270.000 en la lotería y no los puede cobrar por ser indocumentado
22:17 15 abril 2022;El masivo robo de US$615 millones en criptomonedas que EE.UU. atribuye a hackers norcoreanos
20:30 15 abril 2022;Inundaciones históricas en Sudáfrica dejan casi 400 muertos
17:02 15 abril 2022;Más de 150 palestinos heridos en enfrentamientos en Jerusalén en una jornada en la que coinciden las fiestas de judíos, cristianos y musulmanes
16:53 15 abril 2022;"Algunos países europeos están haciendo dinero de la sangre": el presidente de Ucrania Volodymyr Zelensky habla con la BBC
14:13 15 abril 2022;Por qué el hundimiento del Moskva es un duro golpe para la moral rusa y para su fuerza naval
12:00 15 abril 2022;De dónde viene el nombre del estado de Florida y qué tiene que ver con la celebración de Semana Santa
11:58 15 abril 2022;Las terribles condiciones donde deben pasar la cuarentena los habitantes de Shanghái
11:51 15 abril 2022;Los enfrentamientos y la desesperación en Shanghái por el estricto confinamiento y la falta de comida
0:39 15 abril 2022;"Algunos países europeos están haciendo dinero de la sangre": Volodymyr Zelensky habla con la BBC
21:51 14 abril 2022;Rusia admite el hundimiento de su buque insignia en el mar Negro después de que resultara seriamente dañado en una explosión
20:43 14 abril 2022;"Un símbolo del poderío naval de Rusia": así era el Moskva, el buque insignia ruso hundido tras una explosión
20:09 14 abril 2022;Declaran culpable en EE.UU. a uno de los "Beatles" del autodenominado Estado Islámico
18:50 14 abril 2022;4 curiosidades sobre el Titanic 110 años después de su naufragio
17:31 14 abril 2022;El delirante plan de un grupo anti-covid de Alemania para secuestrar al ministro de Salud y sembrar el caos en el país
16:45 14 abril 2022;Las imágenes previas a la muerte de Patrick Lyoya a manos de la policía
16:04 14 abril 2022;"Usaron mi identidad para pedir dinero": el médico mexicano al que le robaron su imagen para estafar usando la guerra en Ucrania
13:53 14 abril 2022;El video que muestra el altercado que terminó en la muerte de un hombre negro a manos de un policía en EE.UU.
12:26 14 abril 2022;Los controvertidos planes de Reino Unido para enviar a Ruanda a solicitantes de asilo
11:56 14 abril 2022;"Rusia no es el vecino que pensábamos que era": cómo la guerra en Ucrania ha hecho que más gente en Finlandia y Suecia quiera unirse a la OTAN
7:40 14 abril 2022;Aleksandr Dugin, el "Rasputin de Putin" que ha modelado la visión del mundo del presidente ruso
4:35 14 abril 2022;"Pasé toda la noche con miedo a que en cualquier momento dejara de respirar": el silencioso drama de la hambruna que golpea a miles de niños en Afganistán
22:34 13 abril 2022;La controvertida tecnología que usa Ucrania para identificar a los muertos y enemigos en la guerra
20:07 13 abril 2022;Un hombre causa 23 heridos en un tiroteo en el metro de Nueva York
19:36 13 abril 2022;La policía detiene al sospechoso del tiroteo en el metro de Nueva York que dejó al menos 20 heridos
17:22 13 abril 2022;"Estamos desesperados": la protesta de camioneros mexicanos que paraliza 4 puentes en la frontera con Estados Unidos
15:39 13 abril 2022;"Cómo escapé de la muerte de Auschwitz": el increíble relato de la hermana "póstuma" de Ana Frank
12:09 13 abril 2022;Quién es Viktor Medvedchuk, el político arrestado en Ucrania que Zelensky ofrece intercambiar por "niños y niñas bajo cautiverio" ruso
11:00 13 abril 2022;La multimillonaria fortuna secreta de un magnate del "círculo cercano" de Putin revelada por la BBC
9:59 13 abril 2022;"Estoy aquí para hacer un trabajo, que es ayudar al pueblo ucraniano": el testimonio de un británico de la brigada internacional que lucha en Ucrania
5:21 13 abril 2022;"Soldados del ejército ruso me violaron y mataron a mi marido"
19:09 12 abril 2022;Putin dice que las conversaciones de paz con Ucrania están "en un callejón sin salida"
17:57 12 abril 2022;"Partygate": multan a Boris Johnson y a su ministro de Economía por las fiestas durante el confinamiento en Reino Unido
14:33 12 abril 2022;Cali Baja, la dinámica megarregión en la frontera entre EE.UU. y México que genera millones de dólares y empleos
14:03 12 abril 2022;¿Por qué Rusia ha perdido tantos tanques de guerra en Ucrania?
13:09 12 abril 2022;"Actúen ahora o 350.000 niños morirán"
10:26 12 abril 2022;"Nos dirigimos a un mundo bipolar, pero será muy distinto a la Guerra Fría"
10:03 12 abril 2022;Almere, el innovador laboratorio urbano de Países Bajos que puede inspirar las ciudades del futuro
5:21 12 abril 2022;Por qué los estrictos confinamientos por la covid en China y la guerra de Ucrania suponen un "duro revés" para Xi Jinping
22:21 11 abril 2022;Quién es Aleksandr Dvornikov, el "carnicero de Siria" que según EE.UU. es el nuevo comandante ruso a cargo de la guerra en Ucrania
20:03 11 abril 2022;Portland, la ciudad liberal de EE.UU. que retiró fondos a la policía y ahora tuvo que aumentarlos
17:36 11 abril 2022;Rusia advierte a Suecia y Finlandia contra su adhesión a la OTAN
13:23 11 abril 2022;El país donde ser vegetariano es identificado con ser de derecha
10:38 11 abril 2022;Chernígov: la ciudad ucraniana que podría ser clave para demostrar crímenes de guerra rusos
9:26 11 abril 2022;La trágica historia de Ella, la mujer trans que se prendió fuego en público en el centro de Berlín
5:21 11 abril 2022;Por qué esta vez no será tan fácil para Macron vencer a Marine Le Pen
3:52 11 abril 2022;Emmanuel Macron y Marine Le Pen, dos viejos rivales que se volverán a ver las caras en una segunda vuelta
16:00 10 abril 2022;Boris Nemtsov: el rival de Putin asesinado fue "seguido" por un agente vinculado al grupo de ejecuciones del FSB
12:02 10 abril 2022;Un embargo total pondría fin a la guerra en Ucrania, afirma un exasesor de Putin
11:04 10 abril 2022;El pueblo que se mudó para escapar de las inundaciones
9:53 10 abril 2022;"Pensé que siempre iba a vivir en guerra": 30 años del sitio de Sarajevo, el más largo de la historia moderna
5:03 10 abril 2022;Guía sencilla para entender las elecciones de Francia en las que Macron se juega la reelección
2:23 10 abril 2022;El mandatario y héroe nacional del críquet que perdió la confianza de los militares y fue forzado a dejar el poder en Pakistán
15:20 9 abril 2022;El primer ministro británico, Boris Johnson, viaja en visita sorpresa a Kiev para dialogar con el presidente Zelensky
12:46 9 abril 2022;Pasajeros "violentos" reciben multas de decenas de miles de dólares, las más grandes de la historia de EE.UU.
9:57 9 abril 2022;Por qué tantos políticos franceses se definen como "gaullistas" y qué dice eso del legado de Charles De Gaulle
9:49 9 abril 2022;Seis semanas de devastación y resistencia en Ucrania mientras el resto del mundo trata de lidiar con los efectos del conflicto
6:14 9 abril 2022;Qué países en Europa son neutrales y por qué (y qué podría aprender Ucrania de sus experiencias)
1:17 9 abril 2022;Por qué Canadá prohibirá que los extranjeros compren casas en el país durante dos años
21:17 8 abril 2022;Ucrania: decenas de muertos y más de 300 heridos en un ataque a una estación de tren que se usaba para evacuar civiles
20:09 8 abril 2022;La Academia de Hollywood prohíbe a Will Smith asistir a los Oscar por 10 años tras la bofetada a Chris Rock
19:49 8 abril 2022;Compartiendo el espacio con los muertos: el horror que vivieron civiles hacinados en un sótano en el norte de Ucrania
18:02 8 abril 2022;Pink Floyd lanza una nueva canción 28 años después para protestar contra la guerra en Ucrania
9:28 8 abril 2022;Rusia lamenta pérdidas "significativas" de soldados y admite estar en su momento económico más difícil en 3 décadas
5:00 8 abril 2022;Qué son los "estados fantasma" que reconoce Rusia y cómo los usa en conflictos como el de Ucrania
3:34 8 abril 2022;El presidente Zelensky asegura que la destrucción en la ciudad de Borodianka es "mucho más horrible" que en la cercana Bucha
1:47 8 abril 2022;El extraordinario descubrimiento que podría revolucionar la física y nuestra comprensión del universo
0:31 8 abril 2022;Algunos habitantes de Shanghái están "quedándose sin comida" en medio del estricto confinamiento por covid-19
22:43 7 abril 2022;Atacan con pintura roja en Rusia al Premio Nobel de la Paz Dmitry Muratov
21:33 7 abril 2022;"Serán batallas como las de la II Guerra Mundial": por qué el ejército ruso ha centrado sus esfuerzos en cercar el este de Ucrania
18:58 7 abril 2022;Quién es Ketanji Brown Jackson, la primera mujer negra en llegar a la Corte Suprema de EE.UU.
17:56 7 abril 2022;Turquía deja en manos de Arabia Saudita el caso del asesinato del periodista Jamal Khashoggi
16:27 7 abril 2022;Naciones Unidas suspende a Rusia del Consejo de Derechos Humanos por la invasión a Ucrania
12:35 7 abril 2022;"Esto fue hecho por profesionales, probablemente británicos": las tácticas del Kremlin para negar las atrocidades cometidas en Ucrania
12:14 7 abril 2022;El guitarrista que salvó a cientos de personas de un crucero que se hundía
5:15 7 abril 2022;Investigación BBC: qué nos dicen las cifras confirmadas de soldados rusos muertos de la invasión a Ucrania
0:11 7 abril 2022;"Vi cómo un soldado ruso mataba a mi padre": los espeluznantes testimonios de los sobrevivientes de la matanza de Bucha
22:18 6 abril 2022;El reportero de la BBC que se volvió viral como "adivino" del Mundial de Qatar 2022
21:34 6 abril 2022;Quiénes son las dos hijas del presidente Putin que sancionó EE.UU.
15:59 6 abril 2022;EE.UU. incluye a las hijas de Putin en una nueva ronda de sanciones contra Rusia
14:59 6 abril 2022;"Uno entre 200 millones": el rarísimo caso de trillizos idénticos que nacieron en Inglaterra
12:29 6 abril 2022;Cómo una pista en Alemania logró la caída de Hydra, el impenetrable grupo criminal de la internet oscura
10:59 6 abril 2022;"¿El mismo metal naranja de los cables?": cómo descubrí que mi cuerpo acumulaba cobre hasta colapsar
3:47 6 abril 2022;Oklahoma aprueba una ley que prohíbe casi en su totalidad el aborto y contempla penas de hasta 10 años de cárcel
18:27 5 abril 2022;El presidente de Ucrania acusa de crímenes a Rusia ante el Consejo de Seguridad de Naciones Unidas
17:47 5 abril 2022;Las imágenes satelitales que desmienten la versión rusa sobre la matanza de civiles en Bucha
12:08 5 abril 2022;Las decenas de desaparecidos que deja la "migración invisible" desde Ecuador hacia EE.UU.
12:03 5 abril 2022;La misteriosa reaparición de dos cuadernos de Darwin fundamentales para su teoría de la evolución robados hace 22 años
11:52 5 abril 2022;China ordena el confinamiento total de la megaurbe de Shanghái por el aumento de casos de covid
11:09 5 abril 2022;"Un crimen de guerra terrible": la dura condena internacional a la matanza de civiles por soldados rusos en Bucha
10:00 5 abril 2022;"Condenar la invasión rusa y apoyar el envío de armas a Ucrania es un mínimo para toda persona de izquierda"
5:03 5 abril 2022;Por qué Serbia está en una encrucijada entre Rusia y la Unión Europea
18:07 4 abril 2022;Qatar cierra el proceso penal contra la mexicana condenada a 100 latigazos tras denunciar que sufrió una agresión
17:05 4 abril 2022;Qué es un crimen de guerra, un crimen contra la humanidad y un genocidio (¿y puede Putin ser procesado?)
11:31 4 abril 2022;Contundente victoria en las elecciones de Hungría de Viktor Orban, el último aliado de Putin en la UE
10:57 4 abril 2022;El reguero de cadáveres y tanques destruidos en Bucha, un suburbio de Kiev, tras la retirada de tropas rusas
10:30 4 abril 2022;El taxista que en un acto de honradez devolvió US$50.000 y cómo le cambió la vida
5:46 4 abril 2022;La devastación de Irpín, la "ciudad heroica" de Ucrania que resistió el avance de Rusia
5:42 4 abril 2022;"Apoyen a Ucrania de cualquier manera pero no con silencio": el potente mensaje de Zelensky durante los Grammy
19:09 3 abril 2022;"Escupimos cuando estamos aburridos, cansados o furiosos. Escupimos porque sí": la lucha por eliminar la costumbre de escupir en público en India
14:03 3 abril 2022;"Una situación muy trágica": al menos 6 personas muertas tras un tiroteo en Sacramento, la capital de California
10:08 3 abril 2022;La llamada con la esposa de Lenin que estuvo a punto de arruinar la llegada de Stalin a la cima del poder de la URSS hace 100 años
10:08 3 abril 2022;La llamada con la esposa de Lenin que estuvo a punto de arruinar la llegada de Stalin a la cima del poder de la URSS hace 100 años
9:55 3 abril 2022;Rusia ataca el puerto de Odesa en un cambio de estrategia en la guerra de Ucrania
5:01 3 abril 2022;La rebelión religiosa que se esconde detrás de la guerra entre Rusia y Ucrania
1:39 3 abril 2022;Los problemas de un hospital de ancianos en Shanghái que muestran la gravedad de la ola de coronavirus
22:07 2 abril 2022;Las enormes pérdidas del regimiento de élite que Rusia envió a Kiev
17:20 2 abril 2022;El actor británico que interpreta al villano de Occidente en las películas de propaganda china
14:19 2 abril 2022;Los raperos gangsta que reflejan el lado marginal y duro de Suecia
12:02 2 abril 2022;William Le Lacheur, el marino que en el siglo XIX fue fundamental para la transformación de Costa Rica
8:58 2 abril 2022;La historia de cómo las islas Malvinas/Falklands terminaron siendo un territorio británico de ultramar
5:30 2 abril 2022;La "terrible" evidencia sobre posibles crímenes de guerra hallada por la BBC a las afueras de Kiev
1:29 2 abril 2022;EE.UU. terminará con el controvertido Título 42 que permite expulsar a migrantes por la pandemia
0:38 2 abril 2022;¿Hay grupo de la muerte? 7 cosas destacadas que deja el sorteo del Mundial de Qatar 2022
23:01 1 abril 2022;El exempleado que le ganó a Amazon y logró que se creara el primer sindicato de la compañía en EE.UU.
21:14 1 abril 2022;¿Puede Ucrania ganar militarmente la guerra? y otras 4 preguntas sobre la invasión de Rusia
18:12 1 abril 2022;¿Por qué es tan polémico el Mundial de Qatar 2022?
13:09 1 abril 2022;"Para ahorrar, carga antes de cruzar": los estadounidenses que viajan a México para comprar gasolina más barata
11:28 1 abril 2022;Malvinas / Falklands: "Mi hijo murió con el último disparo de la guerra y encontré su cuerpo 36 años después"
11:12 1 abril 2022;"Lo único que tengo claro es que las Malvinas no son inglesas": el presidente argentino Alberto Fernández habla en exclusiva con BBC Mundo sobre la guerra
11:03 1 abril 2022;Putin amenaza a los países de Europa con cortar el suministro de gas si no lo pagan en rublos a partir de este viernes
5:29 1 abril 2022;Los "fallos catastróficos" que causaron la muerte de decenas de bebés en una maternidad británica
3:47 1 abril 2022;Cómo funciona el sorteo del Mundial de Qatar 2022
1:11 1 abril 2022;Las tropas rusas abandonan Chernóbil, según Ucrania
22:58 31 marzo 2022;SPR: la enorme reserva de petróleo que EE.UU. guarda en cuevas y de la que ahora sacará una cantidad "sin precedentes"
18:37 31 marzo 2022;Biden anuncia la mayor liberación de petróleo de la reserva estratégica en la historia de EE.UU.
13:00 31 marzo 2022;Malvinas / Falklands: el recuerdo incómodo de la guerra en Argentina y el reclamo pendiente por la soberanía de las islas
12:21 31 marzo 2022;"Los asesores de Putin tienen demasiado miedo de decirle la verdad", afirma EE.UU.
10:41 31 marzo 2022;"Me dijeron que podía pasar y luego un soldado me disparó con su ametralladora": el testimonio de una ucraniana a la que disparó un soldado ruso
10:08 31 marzo 2022;Putin exige la rendición de Mariúpol para dejar de bombardear la ciudad sitiada
5:44 31 marzo 2022;"La fila para buscar comida crece todos los días": el impacto del marcado aumento del costo de vida en Reino Unido
3:26 31 marzo 2022;Muere a los 33 años Tom Parker, estrella de la banda The Wanted
3:08 31 marzo 2022;México y EE.UU. clasifican para el Mundial de Qatar 2022 y Costa Rica disputará el repechaje
1:34 31 marzo 2022;"Cuando Rusia dice que se retirará de Kiev no es por buena voluntad, sino porque abarcó más de lo que puede"
22:08 30 marzo 2022;Qué es la escucha profunda y por qué es clave para mejorar las relaciones personales
13:01 30 marzo 2022;Rusia descarta avances en las conversaciones de paz y Ucrania denuncia nuevos ataques
12:22 30 marzo 2022;"Cuando Putin amenazó con armas nucleares, mis padres me dijeron que me fuera lo más lejos posible": los ucranianos que huyen por México a EE.UU.
10:17 30 marzo 2022;De dónde viene y dónde se esconde el dinero "sucio" de los oligarcas rusos
5:10 30 marzo 2022;Palizas y abortos forzados: el brutal sistema de represión en las cárceles de Corea del Norte
20:17 29 marzo 2022;Rusia anuncia una "reducción drástica" de las operaciones de combate en Kiev mientras avanzan las negociaciones con Ucrania
18:21 29 marzo 2022;Qué significa que un país sea neutral y por qué se plantea esa posibilidad para Ucrania en las negociaciones con Rusia
14:15 29 marzo 2022;Sospechan que el multimillonario ruso Roman Abramovich fue envenenado durante negociaciones de paz con Ucrania
12:10 29 marzo 2022;Odesa desafía a las tropas rusas y recupera su vida cotidiana
11:14 29 marzo 2022;Qué papel jugaron en la guerra de Malvinas / Falklands las otras islas administradas por Reino Unido y también reclamadas por Argentina
10:41 29 marzo 2022;Qué debe suceder para que se clasifiquen los equipos de América Latina que se juegan su pase al Mundial en la última fecha
4:59 29 marzo 2022;"Mucha gente piensa erróneamente que Putin está tratando de recrear la Unión Soviética": entrevista con uno de los biógrafos del presidente de Rusia
23:00 28 marzo 2022;Por qué Biden cruzó una peligrosa línea al decir que Putin "no puede seguir en el poder"
21:42 28 marzo 2022;Corte Suprema de Honduras ratifica la extradición a EE.UU. del expresidente Juan Orlando Hernández
20:06 28 marzo 2022;"No digas gay": la controvertida ley de Florida que prohíbe a los maestros hablar de orientación sexual en las escuelas primarias
19:52 28 marzo 2022;Cuál fue la broma que hizo Chris Rock en los Oscar sobre Jada Pinkett y cómo reaccionó a la bofetada que le dio Will Smith
10:45 28 marzo 2022;"Buscaban mujeres hermosas para venderlas”: los traficantes que se hacen pasar por falsos voluntarios para captar refugiadas ucranianas
5:22 28 marzo 2022;Oscar 2022: los momentos más importantes de la ceremonia
4:58 28 marzo 2022;CODA gana el Oscar a la mejor película en una ceremonia eclipsada por la bofetada de Will Smith
21:20 27 marzo 2022;Ucrania acusa a Rusia de llevarse miles de civiles de Mariúpol a su territorio
15:27 27 marzo 2022;La extraordinaria belleza de Pilbara, el sitio de Australia con algunas de las formaciones más antiguas de la Tierra
10:33 27 marzo 2022;Cómo operaba la "Checa", la cruel policía secreta bolchevique responsable de instaurar el "Terror Rojo" en Rusia
5:19 27 marzo 2022;Cómo se forma la identidad nacional y por qué algunos países son mucho más patrióticos que otros
0:28 27 marzo 2022;Muere en Colombia el baterista de la banda Foo Fighters
21:37 26 marzo 2022;Putin "no puede permanecer en el poder", dice Biden en un mensaje dirigido a los rusos desde Polonia
17:11 26 marzo 2022;Ucrania asegura haber matado al general ruso que dijo que la invasión terminaría en horas
15:19 26 marzo 2022;La OMS denuncia que están aumentando los ataques contra hospitales en Ucrania
12:54 26 marzo 2022;50 años de la visita de Nixon a China: la historia detrás de la "semana que cambió el mundo"
12:17 26 marzo 2022;9 cosas que debes saber para seguir la ceremonia de los Oscar este domingo
10:31 26 marzo 2022;Pedro el Grande, el poderoso zar que creó la Rusia moderna (y por qué es tan admirado por Vladimir Putin)
5:23 26 marzo 2022;“Podemos estar en las primeras etapas de lo que los historiadores dirán que fue el inicio de la Tercera Guerra Mundial”
2:08 26 marzo 2022;El extraño video al estilo Hollywood que transmitió Corea del Norte sobre un nuevo lanzamiento de un misil
0:55 26 marzo 2022;Rusia da por concluida la primera fase de la invasión de Ucrania y "rebaja" sus objetivos militares
0:49 26 marzo 2022;“Tememos por nuestra vida, no por las acusaciones": entrevista exclusiva a Ana García Carías, esposa del expresidente de Honduras Juan Orlando Hernández
22:41 25 marzo 2022;La escritora JK Rowling responde a los comentarios de Putin sobre ella y la cultura de la cancelación
21:47 25 marzo 2022;El sacerdote ucraniano desarmado a quien dispararon en un puesto de control
19:39 25 marzo 2022;Las controversiales imágenes del príncipe William y su esposa en Jamaica que reflejan "cómo el mundo ha cambiado"
17:35 25 marzo 2022;"Solo había visto esto en películas de la Segunda Guerra Mundial": cómo es dormir en un refugio subterráneo en Kiev
16:50 25 marzo 2022;Reino Unido: aumentan en 1 millón los casos de coronavirus en una semana
16:37 25 marzo 2022;3 razones que explican el éxito de la canción "We don’t talk about Bruno" de la película "Encanto"
15:47 25 marzo 2022;"Cerca de 300 personas" murieron en el ataque al teatro de Mariúpol
14:49 25 marzo 2022;La artista rusa de 76 años que desafía a Putin
14:13 25 marzo 2022;4 claves que explican qué está haciendo bien Ucrania para contener el poderío ruso
13:17 25 marzo 2022;Las detenciones y secuestros de civiles ucranianos en las zonas controladas por los rusos
12:57 25 marzo 2022;EE.UU. y Europa firman un acuerdo para limitar la dependencia energética de Rusia
10:41 25 marzo 2022;Cuáles son las películas favoritas para ganar el Oscar y cuáles pueden dar la sorpresa (según 4 críticos consultados por BBC Mundo)
9:09 25 marzo 2022;Cuál es la influencia del neonazismo y la extrema derecha en Ucrania y Rusia
5:35 25 marzo 2022;El dilema de Turquía: miembro de la OTAN y amigo de Putin (y cómo la guerra ha puesto en peligro la relación entre Ankara y Moscú)
23:31 24 marzo 2022;Qué hay detrás de la ambigüedad de México sobre la invasión de Rusia a Ucrania
19:40 24 marzo 2022;Estados Unidos anuncia que recibirá 100.000 refugiados ucranianos
19:04 24 marzo 2022;¿Quiénes son las únicas 4 mujeres entre los 30 líderes que participan en la cumbre de la OTAN?
14:45 24 marzo 2022;Corea del Norte: por primera vez en 5 años, Pyonyang prueba un misil intercontinental prohibido
14:26 24 marzo 2022;Las islas privadas de Jeffrey Epstein en el Caribe salen a la venta por US$125 millones
14:16 24 marzo 2022;La ciudad inglesa que se convirtió en refugio para hongkoneses que huyen de China
13:31 24 marzo 2022;Ucrania asegura haber destruido un barco de guerra ruso en el ocupado puerto de Berdyansk
12:24 24 marzo 2022;"El mundo debe detener la guerra": Zelensky llama a protestar en las calles a un mes del inicio de la invasión a Ucrania
10:45 24 marzo 2022;Los 3 ciberataques rusos que más teme Occidente
9:09 24 marzo 2022;Un mes de la guerra en Ucrania: “Toda la vida normal ha desaparecido”
5:02 24 marzo 2022;Cómo una de las ciudades más pobres de Reino Unido se convirtió en un refugio para hongkoneses que huyeron de China
4:22 24 marzo 2022;Detienen en la frontera de Ucrania al sospechoso de matar al exjugador de rugby argentino Federico Martín Aramburú
3:09 24 marzo 2022;Las lágrimas de las jóvenes afganas por el repentino cambio de los talibanes sobre las escuelas secundarias
1:52 24 marzo 2022;Muere en un bombardeo en Kiev la periodista rusa Oksana Baulina
22:54 23 marzo 2022;Cómo sobreviví al ataque de una bomba de 500kg contra el teatro de Mariúpol
20:06 23 marzo 2022;Muere Madeleine Albright, primera secretaria de Estado de la historia de EE.UU.
13:12 23 marzo 2022;La pequeña ciudad ucraniana que logró detener los planes militares de Rusia
12:20 23 marzo 2022;5 claves para entender el conflicto olvidado del Sahara
12:11 23 marzo 2022;Oscar 2022: ¿siguen siendo relevantes los premios del cine de Hollywood?
11:49 23 marzo 2022;Ashleigh Barty: qué llevó a la tenista número 1 del mundo a anunciar su retirada con tan solo 25 años
11:44 23 marzo 2022;El tratamiento en el que se usó la vacuna para curar la covid y no para prevenirla
10:43 23 marzo 2022;El solitario funeral de un joven soldado ucraniano
23:57 22 marzo 2022;"Nos sentimos impotentes al estar tan lejos de nuestro país": los científicos de Ucrania varados en la Antártida
17:28 22 marzo 2022;Mueren 4 personas en un ataque en un centro comercial en Israel
14:57 22 marzo 2022;Alexei Navalny: condenan al líder opositor ruso a 9 años más de cárcel en un juicio tildado de "farsa"
14:45 22 marzo 2022;"Es un Mariel silencioso": los miles de cubanos que usan Nicaragua como ruta para llegar a EE.UU.
14:00 22 marzo 2022;Lo que se sabe del accidente del avión de China Eastern que se estrelló con 132 personas a bordo
13:46 22 marzo 2022;Residente sobre EE.UU. y su canción"This is Not America": "Te molesta sentir que se llevan un nombre que le pertenece a todo un continente"
11:56 22 marzo 2022;El gigantesco costo económico que debe pagar Rusia para financiar la guerra
10:59 22 marzo 2022;Los niños heridos por los bombardeos en Mariúpol, la ciudad ucraniana sitiada por las fuerzas rusas
10:47 22 marzo 2022;4 razones por las que la ciudad ucraniana de Mariúpol es tan importante para Rusia
9:04 22 marzo 2022;“Nunca imaginamos ser padres de trillizas”: la singular historia de una pareja gay española que adoptó a tres hermanas recién nacidas
5:35 22 marzo 2022;¿Qué es lo que mueve a Putin? Los agentes occidentales que tratan de entender lo que pasa por la cabeza del líder ruso
2:32 22 marzo 2022;Estos son los nominados a los Oscar de Hollywood (¿cuáles son de América Latina?)
1:36 22 marzo 2022;El sobreviviente del Holocausto que murió en un bombardeo de las fuerzas rusas en Járkiv
23:21 21 marzo 2022;El nuevo auge de los “teléfonos tontos” en un mundo hiperconectado
22:23 21 marzo 2022;"EE.UU. ha adoctrinado a mucha gente para que crean que es América": hablamos con Residente de su impactante tema "This is not America"
20:11 21 marzo 2022;Las imágenes de dron que muestran la destrucción que ha dejado el asedio ruso en Mariúpol
18:02 21 marzo 2022;Qué son los misiles hipersónicos y por qué su uso por parte de Rusia en Ucrania "es una señal" de Moscú para Occidente
15:08 21 marzo 2022;Ómicron vs. cero covid: cuánto puede aguantar China con su estrategia de no vivir con covid
12:51 21 marzo 2022;"Se suponía que no debía enterrar a mis hijos": las desgarradoras historias que deja el bombardeo en Mariúpol
12:30 21 marzo 2022;Rusia y Ucrania: ¿funcionan las sanciones económicas? Lo que dice la historia sobre el éxito de estas medidas
6:55 21 marzo 2022;Ucrania rechaza el ultimátum de Rusia para la rendición de Mariúpol, la estratégica ciudad sitiada por las fuerzas rusas
4:40 21 marzo 2022;"Londongrado": cómo Londres se convirtió en el principal destino de los millones de los oligarcas rusos
21:44 20 marzo 2022;"Putin ha rediseñado el mundo, pero no de la manera que él quería"
16:43 20 marzo 2022;Muere en un tiroteo en París el exjugador de rugby argentino Federico Martín Aramburú
13:53 20 marzo 2022;La furia que desató Boris Johnson al comparar el Brexit con la invasión de Rusia a Ucrania
12:14 20 marzo 2022;Ucrania denuncia el bombardeo ruso de una escuela donde se refugiaban 400 personas
10:30 20 marzo 2022;Las dudas sobre Neom, el "gigaproyecto ecológico" que Arabia Saudita planea construir en medio del desierto
9:25 20 marzo 2022;"Por qué usar hiyab no significa que las musulmanas estemos oprimidas"
23:43 19 marzo 2022;Rusia niega que los cosmonautas de la Estación Espacial Internacional se vistieran con los colores de la bandera de Ucrania
18:55 19 marzo 2022;Combates en las calles de Mariúpol dificultan el rescate de centenares de civiles atrapados en las ruinas del teatro de la ciudad, devastada por los ataques de Rusia
12:47 19 marzo 2022;Qué es "tan ping", el movimiento social nacido de la pandemia en China y por qué preocupa al presidente Xi Jinping
11:16 19 marzo 2022;Zelensky pide conversaciones "significativas" de paz con Moscú "sin demora"
10:36 19 marzo 2022;Armas, sobornos y una deuda multimillonaria: el origen de los más de US$500 millones que Reino Unido pagó a Irán después de 43 años
9:31 19 marzo 2022;Por qué Rusia no ha logrado controlar los cielos de Ucrania en 3 semanas de guerra (pese a tener una de las fuerzas aéreas más grandes del mundo)
5:00 19 marzo 2022;La guerra de Invierno: la lucha desesperada que libró Finlandia para sobrevivir frente al poderío de la Unión Soviética
23:10 18 marzo 2022;Putin se da un baño de masas en un estadio de Moscú y asegura que cumplirán con sus planes en Ucrania
22:41 18 marzo 2022;Qué armas entregará Estados Unidos a Ucrania y cuán decisivas serán en la guerra
22:11 18 marzo 2022;El duelo de los rusos que entierran a sus soldados caídos en Ucrania sin cuestionar las acciones de su gobierno
22:11 18 marzo 2022;El duelo de los rusos que entierran a sus soldados caídos en Ucrania sin cuestionar las acciones de su gobierno
18:09 18 marzo 2022;Qué pasó en Crimea en 2014 y por qué es importante ahora
17:56 18 marzo 2022;El mensaje viral de Arnold Schwarzenegger para Putin y la población rusa por la invasión de Ucrania
16:30 18 marzo 2022;Qué son las armas nucleares "tácticas" (y cuántas tiene Rusia)
12:59 18 marzo 2022;Violencia sexual, trata de personas y partos en condiciones deplorables: los riesgos extremos que enfrentan las mujeres en Ucrania
12:37 18 marzo 2022;Mi pareja no me dejaba tomar la pastilla anticonceptiva
12:26 18 marzo 2022;Entrevista BBC | "Los rusos están 'zombificados' por la propaganda": Marina Ovsyannikova, la periodista rusa que desafió al Kremlin en televisión
10:16 18 marzo 2022;"¡Salta al cráter si hay más bombardeos!": el corresponsal de la BBC en el frente de batalla en la última línea de defensa de Járkiv
2:34 18 marzo 2022;Las demandas que Putin puso sobre la mesa para detener la invasión de Ucrania en una llamada con el presidente de Turquía
0:36 18 marzo 2022;Rusia alarga la detención de estrella de baloncesto estadounidense arrestada hace un mes en Moscú
22:49 17 marzo 2022;Los residentes de Jersón desafían con protestas el dominio ruso sobre la ciudad ucraniana
18:11 17 marzo 2022;La "guerra olvidada" de Yemen: 8 años de conflicto y 700 ataques aéreos en un mes
15:19 17 marzo 2022;Anonymous: "Intensificaremos los ataques contra el Kremlin"
13:22 17 marzo 2022;La cadena de renuncias de periodistas de medios rusos en protesta por la guerra
12:19 17 marzo 2022;Biden desata la furia del Kremlin al llamar a Putin "criminal de guerra": ¿puede el presidente ruso ser procesado por sus acciones en Ucrania?
12:04 17 marzo 2022;Cuál es el sistema económico de Rusia y por qué se le acusa de ser un "capitalismo de compinches"
9:21 17 marzo 2022;Acusan a Rusia de atacar un teatro en Mariúpol en el que se refugiaban más de 1.000 civiles
3:47 17 marzo 2022;Un juez de la Corte Suprema de Honduras autoriza la extradición del expresidente Juan Orlando Hernández a Estados Unidos
3:44 17 marzo 2022;Cómo Alemania está deshaciendo décadas de estrechos lazos con Rusia a raíz de la invasión de Ucrania
2:38 17 marzo 2022;Terremoto en Japón: un sismo de magnitud 7,4 en Fukushima deja al menos dos muertos y decenas de heridos
2:36 17 marzo 2022;Liberan a Nazanin Zaghari-Ratcliffe, la británica que estuvo 6 años detenida en Irán acusada de planear derrocar al gobierno
0:12 17 marzo 2022;El amenazante mensaje de Putin contra la "escoria y los traidores" entre los rusos que se alinean con Occidente
22:26 16 marzo 2022;"He pasado semanas llorando de frustración": la precaria situación de los maestros en Puerto Rico, los peores pagados en EE.UU.
18:52 16 marzo 2022;"Estamos viviendo un 11 de septiembre todos los días": el emotivo discurso del presidente de Ucrania ante el Congreso de EE.UU.
18:32 16 marzo 2022;La Fed sube la tasa de interés 0,25 puntos en EE.UU.: por qué importa y cómo puede afectar a América Latina
17:57 16 marzo 2022;La desesperada situación en Mariúpol: 400 "rehenes" en un hospital mientras el hambre y las infecciones se extienden en los refugios
14:15 16 marzo 2022;Qué tiene que conseguir Putin para poner fin a la invasión en Ucrania
13:14 16 marzo 2022;Las empresas occidentales que no pueden salir de Rusia
13:03 16 marzo 2022;La polémica ley de Putin para no devolver a Occidente más de 500 aeronaves comerciales valoradas en más de US$10.000 millones
11:29 16 marzo 2022;"Entre la esclavitud y la libertad": las mujeres que se quedan a luchar en Ucrania
2:33 16 marzo 2022;La arriesgada visita de tres primeros ministros europeos a Kiev en medio de los bombardeos rusos en Ucrania
1:36 16 marzo 2022;Quiénes son los periodistas ucranianos y extranjeros que han muerto desde que empezó la invasión rusa
20:18 15 marzo 2022;Por qué Kiev no caerá tan fácilmente bajo control de las fuerzas rusas, según los generales responsables de su defensa
19:09 15 marzo 2022;"Fui interrogada por más de 14 horas": Marina Ovsyannikova, la mujer que protestó contra la guerra en uno de los canales de TV más populares de Rusia
18:20 15 marzo 2022;Cómo es la relación económica entre Rusia y China (y por qué es clave en la guerra en Ucrania)
18:09 15 marzo 2022;"Ella está atrapada en una zona de conflicto sin poder salir": el limbo de las familias estadounidenses que adoptaron a niños ucranianos
17:06 15 marzo 2022;Rusia sanciona a Joe Biden, a varios funcionarios estadounidenses y a Justin Trudeau
14:20 15 marzo 2022;Coronavirus: China vuelve a los confinamientos "como hace dos años" y pone en cuarentena a más de 36 millones de personas
12:44 15 marzo 2022;"Es un momento difícil y peligroso": los bombardeos sobre Kiev se intensifican con ataques a edificios residenciales
12:07 15 marzo 2022;Qué efectos puede tener la guerra en Ucrania en las economías de América Latina
10:41 15 marzo 2022;"Todos nos miran y dicen 'bravo', pero necesitamos que nos digan qué hacer con los refugiados": las dificultades en Polonia tras la llegada masiva de ucranianos
7:21 15 marzo 2022;Estados Unidos advierte a China que no apoye a Rusia tras la invasión de Ucrania
4:01 15 marzo 2022;Más allá de Rusia y Ucrania: 6 conflictos armados que están ocurriendo en el mundo
2:44 15 marzo 2022;"No crean en la propaganda": una mujer interrumpe un noticiero en la televisión rusa con un cartel en contra de la guerra en Ucrania
2:15 15 marzo 2022;La nueva evidencia que revela los negocios corruptos del oligarca ruso Roman Abramovich
22:28 14 marzo 2022;Anna Delvey: ¿qué ha pasado con su caso legal y cómo ha recibido el éxito de la serie desde la prisión?
21:43 14 marzo 2022;Las fosas comunes improvisadas en las ciudades ucranianas bombardeadas por las fuerzas rusas
19:33 14 marzo 2022;Muere la mujer embarazada que fue fotografiada en una camilla tras el bombardeo al hospital materno en Mariúpol
18:59 14 marzo 2022;Cómo Hong Kong pasó de ser un modelo en la lucha contra la covid a tener la tasa de mortalidad más alta del mundo desarrollado
14:44 14 marzo 2022;Los inclementes bombardeos rusos contra Zhitómir, la ciudad que es un corredor clave hacia Kiev
12:19 14 marzo 2022;¿Puede la invasión rusa en Ucrania ayudar a descongelar las relaciones entre Estados Unidos y Venezuela?
11:25 14 marzo 2022;Los complejos escenarios para una solución negociada a la guerra de Ucrania
10:26 14 marzo 2022;Por qué Rusia nunca entró en la OTAN
5:16 14 marzo 2022;Qué tan estrecha es la relación económica entre Rusia y China (y por qué es clave en tiempos de guerra)
4:50 14 marzo 2022;Qué se sabe de la estratégica base militar ucraniana cerca de Polonia que fue atacada por Rusia
1:35 14 marzo 2022;Bafta 2022: estos son los ganadores de los premios británicos de cine antesala de los Oscar
23:13 13 marzo 2022;Muere William Hurt, ganador del Oscar por "El beso de la mujer araña" y uno de los actores míticos del Hollywood de los 80
19:06 13 marzo 2022;"Mi mamá me dijo que me quedara en el refugio": los adolescentes que luchan en Ucrania con solo tres días de entrenamiento
18:48 13 marzo 2022;Maksym y Dmytro, los adolescentes que van a la guerra con solo tres días de entrenamiento
14:18 13 marzo 2022;Ucrania acusa a Rusia del secuestro de dos alcaldes en tres días
13:22 13 marzo 2022;La masiva "fuga de cerebros" que sufre Rusia por la guerra con Ucrania
11:45 13 marzo 2022;3 grandes matemáticos árabes que quizás no conoces (y sus grandes aportes a la ciencia)
11:02 13 marzo 2022;Rusia amplía su ofensiva en el oeste de Ucrania y ataca una base militar cerca de la frontera con Polonia
8:26 13 marzo 2022;¿De regreso a la URSS?: cómo la salida de compañías extranjeras de Rusia deja al país cerca de la era soviética
5:49 13 marzo 2022;Las joyas arquitectónicas que están en riesgo por la invasión rusa a Ucrania
18:17 12 marzo 2022;Arabia Saudita ejecuta a 81 hombres en un solo día
17:41 12 marzo 2022;Las fuerzas rusas intensifican sus ataques a las afueras de Kiev y se acercan a la capital ucraniana
14:57 12 marzo 2022;"The Hawks": la nueva brigada de mercenarios que están reclutando en Rusia para la guerra en Ucrania
12:25 12 marzo 2022;"Doy gracias a Dios mil veces por permitirme ser ateo": Lichtenberg, el científico que deslumbró a Goethe, Nietzsche y otros grandes pensadores
11:37 12 marzo 2022;Qué buscaba la expedición de Shackleton en el Endurance, el barco hallado en la Antártida 107 años después de su hundimiento
10:37 12 marzo 2022;"De los 10 hermanos solo quedé yo": la increíble historia de los sobrevivientes de la primera prueba de la bomba atómica
5:09 12 marzo 2022;Cómo fue el sitio de Leningrado y por qué muchos en Ucrania lo recuerdan ahora tras la invasión rusa
4:54 12 marzo 2022;Biden asegura que un enfrentamiento entre la OTAN y Rusia resultaría en la Tercera Guerra Mundial y anuncia nuevas sanciones contra Moscú
0:35 12 marzo 2022;Putin hace un llamado para que combatientes extranjeros luchen en Ucrania con las tropas rusas
22:37 11 marzo 2022;Rusia bloqueará Instagram después de que Meta anunciara que permitirá los llamados a la violencia contra Putin y las tropas rusas
21:28 11 marzo 2022;"Siria fue la escuela de guerra de Rusia para luego invadir a Ucrania"
21:05 11 marzo 2022;Cuánto depende Occidente del petróleo y el gas ruso (y qué pasa con América Latina)
19:50 11 marzo 2022;"Un genocidio en Europa central en el siglo XXI": cómo sobrevive la gente en las ciudades y pueblos capturados y asediados por Rusia
17:50 11 marzo 2022;La BBC en el frente de batalla en Járkiv con las tropas ucranianas
14:31 11 marzo 2022;Las imágenes que revelan la dimensión de la destrucción en la ciudad ucraniana de Mariúpol
11:18 11 marzo 2022;Del trigo al aluminio, 4 exportaciones estratégicas de Rusia y Ucrania
6:13 11 marzo 2022;Quién fue el autor intelectual del 11M en Madrid y otras claves que plantea el documental de Netflix sobre el mayor ataque yihadista en Europa
4:40 11 marzo 2022;"Si Járkiv cae, Ucrania cae": la BBC en el frente de batalla con las tropas ucranianas
23:40 10 marzo 2022;Los "hijos de la URSS" que ahora huyen del avance ruso en Ucrania
22:36 10 marzo 2022;¿Contratistas o mercenarios?: los peligros de la proliferación de empresas de seguridad privadas que operan en Ucrania
21:05 10 marzo 2022;"Mis amigos pueden estar enterrados en fosas comunes": la campaña de bombardeos indiscriminados sobre la ciudad de Mariúpol
18:48 10 marzo 2022;"No tengo yates, ¿de qué me voy a preocupar?": las opiniones de 3 ciudadanos rusos sobre la guerra
17:57 10 marzo 2022;Rusia prohíbe las exportaciones de algunos productos en respuesta a las sanciones de Occidente
14:16 10 marzo 2022;Burger King, KFC y otras multinacionales que siguen operando en Rusia luego de la invasión a Ucrania
12:20 10 marzo 2022;Reino Unido sanciona al multimillonario ruso Roman Abramovich, dueño del club de fútbol Chelsea
11:53 10 marzo 2022;"La acción de Putin es tan irracional que va más allá de lo que ocurrió durante la Guerra Fría"
11:51 10 marzo 2022;“Es un crimen de guerra”: el bombardeo a una maternidad y hospital infantil en Mariúpol atribuido a Rusia causa indignación internacional
11:24 10 marzo 2022;Por qué Occidente no activa una "zona de exclusión aérea" en Ucrania como pide Zelensky
10:37 10 marzo 2022;Quiénes son los oligarcas rusos sancionados por Occidente (y qué efecto pueden tener las sanciones)
4:39 10 marzo 2022;Odesa, la perla del mar Negro que fue escenario del mítico motín del acorazado Potemkin y ahora amenazan las tropas rusas
0:06 10 marzo 2022;¿Debería Rusia ser desconectada de internet tras la invasión de Ucrania?
23:20 9 marzo 2022;Por qué EE.UU. rechazó la oferta de Polonia de enviar sus aviones de combate a Ucrania
19:57 9 marzo 2022;"Corralito" en Rusia: advierten que Moscú no podrá pagar su deuda mientras los bancos dejan de cambiar rublos y limitan los retiros de divisas
17:44 9 marzo 2022;Muere el primer paciente en recibir un trasplante de corazón de cerdo
15:13 9 marzo 2022;La estrategia de la Unión Europea para dejar de depender del gas ruso
14:23 9 marzo 2022;La sorpresiva migración rusa hacia EE.UU. a través de México y su drástico aumento antes del conflicto con Ucrania
13:25 9 marzo 2022;"No tenemos miedo de protestar porque estamos juntos": cómo viven los ucranianos en las ciudades controladas por los rusos
12:12 9 marzo 2022;"Es muy peligroso, se van cinco a recoger un cadáver y esos cinco pueden morir": el testimonio de un colombiano que lleva 20 años viviendo en Ucrania
4:46 9 marzo 2022;¿Qué impacto están teniendo las armas enviadas por Occidente a Ucrania para combatir la invasión rusa?
4:34 9 marzo 2022;EE.UU. prohíbe las importaciones de petróleo, gas natural y carbón de Rusia por la invasión a Ucrania
4:24 9 marzo 2022;Maduro confirma reunión con emisarios de EE.UU. mientras la Cámara Petrolera de Venezuela dice que pueden aumentar la producción para reemplazar el crudo ruso
3:54 9 marzo 2022;Venezuela libera a dos estadounidenses tras la reunión entre Maduro y funcionarios de EE.UU.
1:09 9 marzo 2022;El niño ucraniano de 11 años que recorrió solo 1.200 km hasta llegar a Eslovaquia huyendo de la invasión rusa
23:13 8 marzo 2022;Coca-Cola, Pepsi, McDonald's y Starbucks se suman a la salida de empresas de Rusia
20:51 8 marzo 2022;Cómo se han posicionado los países de América Latina ante la invasión rusa a Ucrania
18:59 8 marzo 2022;Volodymyr Zelensky, el presidente poco convencional que se enfrenta a Putin
18:04 8 marzo 2022;Cuánto depende el mundo del petróleo y el gas de Rusia (y cuál es la situación en América Latina)
15:06 8 marzo 2022;"No hay visas hasta dentro de una semana": la frustración de los ucranianos que tratan de llegar a Reino Unido y están varados en Calais
11:36 8 marzo 2022;"Putin necesita algo para declarar victoria": cómo el liderazgo del presidente ruso está en juego con la invasión a Ucrania
10:37 8 marzo 2022;El calvario de los trabajadores atrapados en la planta nuclear de Chernóbil bajo vigilancia rusa
8:10 8 marzo 2022;Las mujeres afganas que se niegan a ser silenciadas
4:51 8 marzo 2022;De Grozni a Alepo: la brutal táctica de bombardeos con la que Rusia responde a la resistencia
23:21 7 marzo 2022;Por qué la Z se ha convertido en un símbolo de apoyo a la invasión rusa de Ucrania
22:49 7 marzo 2022;El duro relato de la familia de un policía ucraniano que denuncia que soldados rusos mataron a su mujer y sus hijos
19:27 7 marzo 2022;La huida desesperada de civiles ucranianos en medio de los ataques rusos en Irpín
18:40 7 marzo 2022;La huida desesperada de civiles ucranianos por los ataques rusos en Irpín
17:01 7 marzo 2022;“Mi tarjeta ya no funciona, pero no me quiero ir de Rusia”: la difícil situación de estudiantes latinoamericanos en Moscú tras la invasión a Ucrania
13:38 7 marzo 2022;"Es completamente inmoral": la respuesta de Ucrania a los corredores humanitarios propuestos por Moscú hacia territorio ruso
13:14 7 marzo 2022;Miles de detenidos en Rusia en protestas contra la invasión a Ucrania
12:10 7 marzo 2022;El efecto "catastrófico" de la guerra en Ucrania sobre la producción global de alimentos
10:43 7 marzo 2022;La invasión rusa en Ucrania impulsa el apoyo a la OTAN en Finlandia
6:21 7 marzo 2022;El histórico contraataque de Occidente a Putin, el "agitador del orden internacional"
1:09 7 marzo 2022;Shell defiende su "difícil" decisión de seguir comprando petróleo de Rusia
23:28 6 marzo 2022;Zelensky insta a los ucranianos a pasar a la ofensiva y arremete contra la OTAN por no cerrar el espacio aéreo
20:58 6 marzo 2022;Cómo la "humillación" rusa por la desintegración de la URSS ayuda a explicar las ambiciones expansionistas de Putin
18:07 6 marzo 2022;Quién era Molotov y por qué da nombre a los artefactos explosivos que los ucranianos están usando contra la invasión rusa
14:15 6 marzo 2022;Entre la esperanza y la desesperación: suspenden un nuevo intento para evacuar a miles de civiles de Mariúpol
12:54 6 marzo 2022;Los rusos que abandonan su país hacia Finlandia
12:40 6 marzo 2022;Las imágenes que revelan la destrucción que deja la guerra en Ucrania
8:16 6 marzo 2022;Putin dice que las sanciones impuestas por Occidente a Rusia son "como una declaración de guerra"
7:11 6 marzo 2022;Así acabaron otras incursiones militares ordenadas por Putin (y cómo se comparan con el conflicto con Ucrania)
23:49 5 marzo 2022;Rusia y Ucrania se acusan de no respetar el alto al fuego y suspenden la evacuación de Mariúpol
23:38 5 marzo 2022;Mastercard y Visa suspenden operaciones en Rusia
19:36 5 marzo 2022;El espectáculo sexual submarino más extravagante de la naturaleza
15:31 5 marzo 2022;"La vida se está desmoronando": el impacto de boicots y cancelaciones sobre la población rusa por la invasión a Ucrania
15:31 5 marzo 2022;"La vida se está desmoronando": el impacto de boicots y cancelaciones sobre la población rusa por la invasión a Ucrania
13:55 5 marzo 2022;El creciente número de empresas occidentales que se está retirando de Rusia (y las que aún permanecen en el país)
10:44 5 marzo 2022;Por qué Jersón, Mariúpol y Odesa son clave para el éxito de la invasión rusa de Ucrania
5:41 5 marzo 2022;Qué es el "Russkiy Mir" ("Mundo Ruso") al que Putin quiere unificar
2:06 5 marzo 2022;Qué otras centrales nucleares hay en Ucrania y qué riesgos existen si son atacadas como Zaporiyia
1:15 5 marzo 2022;Zelensky: "El ataque a la planta nuclear de Zaporiyia pudo haber sido como seis Chernóbil"
0:41 5 marzo 2022;Rusia bloquea Facebook y aprueba hasta 15 años de cárcel por "noticias falsas" sobre su ejército
19:06 4 marzo 2022;La BBC resucita las emisiones de onda corta en Ucrania y Rusia que se usaban durante la Guerra Fría
18:22 4 marzo 2022;Rusia toma en Ucrania el control de la central nuclear de Zaporiyia, la más grande de Europa
17:58 4 marzo 2022;El antes y el después de la destrucción causada por las fuerzas rusas en Ucrania tras una semana de invasión
17:07 4 marzo 2022;"Mi ciudad en Ucrania está siendo bombardeada, pero mi madre en Rusia no me cree"
16:00 4 marzo 2022;¿Qué puede pasar si Rusia logra apoderarse de Ucrania? y otras 7 preguntas de los lectores a los periodistas de la BBC en la zona de conflicto
15:52 4 marzo 2022;Las fuerzas rusas toman el control de la planta nuclear más grande de Europa en el sur de Ucrania tras un incendio
15:29 4 marzo 2022;Cuán peligroso fue el ataque a la planta nuclear de Zaporiyia y qué busca Rusia con su toma
12:50 4 marzo 2022;5 escenarios de cómo podría terminar la guerra entre Rusia y Ucrania
10:29 4 marzo 2022;Criptoguerra: cómo Occidente quiere evitar que los oligarcas y otros ciudadanos rusos utilicen las criptomonedas para evadir las sanciones
1:20 4 marzo 2022;1 millón de personas huyen de Ucrania en medio de la crisis humanitaria desatada por la invasión de Rusia
0:42 4 marzo 2022;Las razones por las que el convoy ruso tiene "poco progreso" en su camino hacia Kiev
0:41 4 marzo 2022;Rusia y Ucrania alcanzan un principio de acuerdo para crear corredores humanitarios y evacuar a la población civil
19:58 3 marzo 2022;"Estamos aterrorizados": el asedio de las tropas rusas a la ciudad portuaria de Mariúpol
18:11 3 marzo 2022;Los gobiernos de Francia y Alemania incautan yates de oligarcas rusos
17:23 3 marzo 2022;Quién pertenece al círculo íntimo de Putin que dirige la invasión rusa en Ucrania
14:26 3 marzo 2022;6 momentos clave de la primera semana de invasión de Rusia a Ucrania
13:57 3 marzo 2022;"Estaré al lado de mi marido y con ustedes": quién es Olena Zelenska, la primera dama de Ucrania
13:36 3 marzo 2022;Rusia toma el control de la ciudad clave de Jersón mientras intensifica los ataques sobre Járkiv y Mariúpol
11:51 3 marzo 2022;Cómo saber si lo que estás viendo sobre el conflicto en Ucrania es real o son "fake news"
11:27 3 marzo 2022;"Insto a todos a salir a las calles y luchar por la paz": la oposición dentro de Rusia a la invasión de Putin a Ucrania
10:33 3 marzo 2022;"Europa le está financiando los caprichos a Putin"
5:10 3 marzo 2022;El dilema de Israel ante el conflicto entre Rusia y Ucrania
3:56 3 marzo 2022;La indignación en Ucrania por el ataque cercano a Babi Yar, el memorial a las víctimas de una masacre nazi en Kiev
23:47 2 marzo 2022;Cuál es la estrategia militar de Rusia en Ucrania y qué lecciones aprendió tras la caída de la URSS y la guerra de Georgia
20:34 2 marzo 2022;El multimillonario ruso Roman Abramovich anuncia que pondrá a la venta el club inglés Chelsea
19:25 2 marzo 2022;Cuán real es el riesgo nuclear del conflicto en Ucrania
18:56 2 marzo 2022;Rusia lanza un asalto aéreo sobre Járkiv, estrecha el cerco sobre Kiev y reivindica el control de Jersón
17:46 2 marzo 2022;La Asamblea General de la ONU aprueba una resolución de condena a la invasión rusa de Ucrania
15:48 2 marzo 2022;El hospital de niños en Kiev que lucha por sobrevivir
15:23 2 marzo 2022;"Quien sea que necesite ayuda la tendrá": los polacos que se acercan a la frontera para llevarse refugiados ucranianos a sus casas
13:38 2 marzo 2022;Cómo la Convención de Montreux frenó el paso de buques de guerra rusos por el Bósforo
11:52 2 marzo 2022;"Estamos usando armas económicas para detener una guerra real": cuál puede ser el impacto de las sanciones financieras contra Rusia
11:02 2 marzo 2022;"Durante décadas ha habido advertencias de la provocación que es para Rusia la expansión de la OTAN"
7:29 2 marzo 2022;"No tiene idea de lo que viene": cómo Biden lanzó la mayor advertencia de un líder de EE.UU. a uno de Rusia desde el fin de la Guerra Fría
6:10 2 marzo 2022;"Putin pensó que podía dividirnos, pero se equivocó": el mensaje de Biden a Putin en su primer Estado de la Unión
2:20 2 marzo 2022;4 claves para entender las sanciones sin precedentes impuestas por Occidente a Rusia
0:09 2 marzo 2022;Las numerosas muestras de solidaridad para acoger a los ucranianos que huyen de la invasión rusa
23:56 1 marzo 2022;El error de cálculo de Putin que podría llevarlo a golpear más duro a Ucrania
22:15 1 marzo 2022;"Parece una realidad paralela": cómo los medios rusos están informando de la invasión de Putin a Ucrania
19:14 1 marzo 2022;Las imágenes del ataque a la Plaza de la Libertad de la ciudad ucraniana de Járkiv
18:39 1 marzo 2022;Más de 100 diplomáticos boicotean un discurso del canciller ruso Serguéi Lavrov ante la ONU y abandonan la sala
17:55 1 marzo 2022;El verdadero poderío nuclear de Rusia (y cómo se compara con el de otros países)
16:35 1 marzo 2022;"Solo ucranianos. Me dijeron que siendo negra debía caminar": las denuncias de discriminación hacia estudiantes africanos e indios que huyen de Ucrania
